CTUID,pop,land_kmsq,occup_dwel_struc,single_det,apart_fievormore,other_att,nbedrooms,no_bed,one_bed,two_bed,three_bed,four_bed_more,edu_total,no_edu,edu_dip,edu_postsec,pop_dens,jour_work,jour_lessfifteenmin,jour_fiftotwnine,journ_thirtytofourfour,journ_fourfivetofifnine,journ_overanhour,income_total,income_after_tax,income_med_after_tax,house_size,one_per,two_per,three_per,four_per,five_or_more_per,num_per,labour_total,lab_inlab,lab_emp,lab_unemp,lab_not_inlab,emp_rate,unemp_rate,work_status,work_home,work_outCA,work_nofixadd,work_usual
5370000,747545,1371.89,293345,165060,45395,82465,293345,1360,37390,61600,118355,74635,612635,109090,170595,332950,544.9,342520,78050,125305,66410,30720,42030,612630,588315,32073,293345,79480,96055,46910,45190,25710,734880,612630,395005,369075,25935,217625,60.2,6.6,369075,25040,1515,39410,303100
5370001.01,2193,5.52,770,475,0,290,760,0,30,105,340,285,1735,355,535,845,397.6,955,215,380,165,80,115,1785,1715,30240,765,140,235,150,135,110,2190,1740,1070,1025,45,670,58.9,4.2,1025,70,0,130,825
5370001.02,5302,1.29,1760,970,0,790,1760,0,70,105,1185,400,4235,840,1265,2135,4102.4,2640,525,1020,540,235,315,4265,4025,31040,1760,270,450,385,415,240,5295,4235,2970,2765,205,1265,65.3,6.9,2765,115,10,280,2365
5370001.04,6305,1.7,1895,1320,0,580,1900,0,0,100,1040,755,4990,935,1260,2795,3702.5,2910,660,1265,510,205,270,4985,4695,31163,1895,165,525,420,455,340,6180,4985,3235,3060,175,1755,61.4,5.4,3055,140,10,325,2580
5370001.05,5344,1.55,1615,1085,55,475,1605,0,40,235,670,660,4020,770,1130,2125,3443.7,2250,530,920,390,165,245,4020,3800,29594,1620,240,400,320,375,285,5130,4025,2595,2370,225,1425,58.9,8.7,2370,105,10,225,2030
5370001.06,5191,1.48,1610,1230,0,380,1610,0,0,40,910,655,4265,685,1270,2310,3511,2545,655,995,495,170,220,4270,4055,31543,1610,170,475,345,365,255,5050,4265,2865,2665,200,1405,62.5,7,2665,95,20,270,2280
5370001.07,3725,0.76,1265,425,0,850,1275,0,15,95,905,250,2910,695,940,1280,4922.7,1585,280,695,305,105,200,2995,2835,27768,1265,200,390,270,230,180,3725,2910,1720,1630,95,1185,56,5.5,1635,50,0,180,1405
5370001.08,6556,1.64,2050,1540,65,450,2050,0,30,150,1200,665,5335,1120,1600,2610,4001.5,3240,700,1400,430,275,430,5335,5045,30768,2050,220,550,455,500,330,6525,5335,3640,3410,235,1695,63.9,6.5,3405,155,15,285,2950
5370001.09,4566,1.97,1390,880,0,505,1390,0,10,95,810,470,3565,865,900,1795,2318,2155,415,895,415,135,285,3530,3300,30702,1390,155,335,300,350,255,4565,3565,2385,2235,150,1175,62.7,6.3,2235,75,0,185,1970
5370002.01,5122,1.48,1615,1180,0,435,1625,0,25,95,755,755,4125,735,1130,2255,3450.3,2520,615,1035,335,225,305,4125,3890,33056,1615,175,440,340,400,265,5110,4120,2800,2650,150,1320,64.3,5.4,2645,115,10,255,2265
5370002.03,3069,0.77,1085,550,0,535,1050,0,10,45,660,340,2485,510,755,1225,3979,1345,290,580,175,140,160,2545,2425,29952,1080,170,350,240,200,130,3070,2490,1595,1425,175,890,57.2,11,1425,75,0,155,1190
5370002.04,4629,0.98,1540,1005,65,470,1570,0,45,100,860,565,3920,740,1150,2035,4706.2,2240,430,950,415,130,315,3870,3685,30592,1540,200,475,345,295,230,4630,3925,2570,2345,225,1355,59.7,8.8,2345,105,0,265,1970
5370002.05,7625,1.96,2305,1710,0,500,2330,0,110,135,1095,990,5990,975,1630,3380,3882.4,3600,760,1525,545,320,440,6010,5690,33778,2310,300,570,445,550,440,7445,5985,4080,3835,250,1905,64.1,6.1,3830,210,30,455,3140
5370002.06,3544,2.67,1405,655,0,755,1385,0,175,385,415,415,2940,575,775,1590,1329.4,1365,340,555,270,65,140,2920,2830,31795,1405,460,425,165,215,145,3440,2940,1590,1465,125,1350,49.8,7.9,1465,100,0,165,1200
5370003.01,5224,1.22,1975,810,630,535,1965,0,255,440,820,445,4090,770,1125,2190,4292.9,2090,405,975,305,195,205,4050,3835,32384,1975,570,655,280,305,160,4855,4090,2355,2200,155,1735,53.8,6.6,2200,110,0,245,1840
5370003.02,3494,0.87,1315,360,255,695,1315,0,105,155,780,270,2760,420,770,1575,4013.8,1410,305,570,250,155,130,2775,2660,29811,1315,350,450,235,160,120,3255,2760,1635,1485,150,1125,53.8,9.2,1490,60,10,140,1270
5370003.03,3264,0.73,1100,650,5,450,1075,10,15,90,665,300,2510,595,660,1255,4446.9,1240,225,560,195,90,170,2555,2400,27424,1100,165,340,235,200,155,3250,2510,1495,1315,185,1010,52.4,12.4,1315,75,0,165,1075
5370003.04,5832,1.74,2250,1105,380,760,2270,0,110,585,1055,525,4820,1070,1390,2365,3346.1,2480,580,965,485,200,245,4775,4515,27008,2245,520,765,410,330,220,5815,4820,2820,2560,265,2000,53.1,9.4,2555,75,10,305,2170
5370004.01,3243,0.98,1370,700,300,370,1410,0,210,325,635,250,2845,790,810,1240,3308.8,1340,335,490,230,115,175,2765,2615,26860,1365,435,450,215,165,110,3240,2845,1570,1370,205,1275,48.2,13.1,1370,30,0,155,1185
5370004.02,4189,1,1675,645,490,540,1630,0,220,400,635,365,3385,875,1030,1470,4189,1755,410,715,290,150,190,3465,3285,27223,1675,450,565,275,230,155,4185,3380,1950,1810,140,1435,53.6,7.2,1810,50,0,195,1560
5370005.01,6111,1.85,2340,1395,485,460,2340,20,370,320,1020,605,5070,1280,1715,2075,3302.9,2585,640,945,530,185,280,5070,4845,26981,2335,645,755,375,320,240,5935,5070,2905,2705,200,2160,53.4,6.9,2705,105,15,245,2335
5370005.02,3893,0.95,1410,775,200,445,1410,0,85,185,765,370,3090,755,1035,1295,4107.4,1625,395,675,310,100,140,3170,3005,28352,1415,305,460,250,220,185,3890,3085,1835,1685,155,1250,54.6,8.4,1685,55,0,150,1475
5370005.03,4003,0.94,1520,905,260,350,1540,0,150,220,795,375,3365,870,1000,1505,4255.8,1630,395,695,280,130,125,3395,3240,29040,1515,365,495,265,235,165,3965,3365,1830,1685,145,1540,50.1,7.9,1680,45,10,155,1475
5370006,4699,2.2,2070,1370,220,475,2045,10,320,405,915,395,4135,885,1330,1915,2132.5,2370,430,935,565,170,270,4030,3895,30663,2065,680,720,275,260,130,4690,4135,2680,2495,190,1455,60.3,7.1,2495,125,0,330,2035
5370007,3382,0.86,1585,1055,340,195,1595,10,375,340,625,250,3055,775,885,1390,3943.1,1515,310,630,275,140,155,2950,2875,27814,1585,610,525,205,155,85,3375,3050,1715,1590,130,1340,52.1,7.6,1590,70,0,190,1325
5370008,2533,0.8,1100,705,220,180,1090,20,265,220,440,145,1895,445,530,915,3156.4,985,260,450,125,50,105,1995,1935,30285,1100,465,330,145,110,50,2270,1895,1095,1020,70,800,53.8,6.4,1025,35,0,95,890
5370009,3601,0.86,1410,890,170,350,1425,10,200,195,720,305,3045,865,985,1200,4170.7,1520,300,630,305,115,175,2960,2805,25325,1410,415,405,235,200,150,3600,3045,1730,1575,155,1320,51.7,9,1570,50,0,180,1345
5370010,3132,0.91,1360,980,205,170,1345,0,195,370,515,265,2635,560,930,1140,3459.6,1485,340,535,310,150,145,2720,2600,29760,1360,415,490,225,145,85,3125,2635,1590,1510,75,1045,57.3,4.7,1515,30,0,230,1250
5370011,2262,0.85,920,850,0,75,925,0,35,190,485,215,1940,450,495,995,2647.8,1060,230,420,205,95,115,1970,1905,30848,925,260,310,165,115,75,2255,1945,1165,1075,85,780,55.3,7.3,1080,20,0,145,915
5370012,1524,0.43,630,385,45,195,585,0,100,175,145,170,1335,190,605,545,3565.7,710,190,245,160,60,55,1350,1275,22362,625,200,200,100,65,60,1525,1335,865,740,125,470,55.4,14.5,740,35,0,95,615
5370013,2818,1.55,1070,1015,0,55,1060,0,20,100,575,365,2415,425,675,1315,1822.2,1350,310,550,220,105,165,2415,2325,34208,1070,230,375,190,175,100,2800,2415,1515,1430,85,900,59.2,5.6,1430,75,10,200,1150
5370014,2707,1.18,1045,1020,0,25,1025,0,0,130,540,350,2235,360,515,1360,2293.9,1145,240,515,225,60,105,2265,2190,35769,1040,220,400,160,175,90,2675,2235,1275,1220,60,960,54.6,4.7,1220,60,10,125,1015
5370015,1782,0.62,750,580,0,170,750,10,140,65,355,180,1400,285,380,730,2879.8,640,155,240,100,65,75,1405,1375,33744,750,290,245,85,90,40,1625,1400,690,670,25,705,47.9,3.6,670,30,0,70,565
5370016,506,0.46,170,120,0,45,180,0,0,35,85,60,375,30,70,270,1104.1,220,50,95,40,0,30,395,375,47488,170,25,60,30,35,20,480,375,230,220,10,145,58.7,4.3,220,10,0,10,205
5370017,3459,2.64,1345,930,30,385,1380,0,100,235,445,605,2850,250,460,2135,1310.7,1785,660,660,190,115,160,2815,2715,47765,1345,315,440,245,250,100,3440,2850,2125,2030,90,730,71.2,4.2,2030,230,20,135,1645
5370018,120,0.38,,,,,,,,,,,,,,,319.7,,,,,,,,,,,,,,,,,,,,,,,,,,,,
5370019,3932,1.2,1685,1140,295,250,1725,0,280,450,605,390,3370,425,1070,1870,3283,1825,475,655,350,120,225,3325,3195,29011,1685,565,525,255,220,115,3920,3370,2075,1930,140,1295,57.3,6.7,1935,95,15,235,1595
5370020,3959,1.09,1715,1465,85,170,1720,10,170,575,700,275,3340,465,1130,1745,3638.8,2095,405,935,370,145,240,3405,3280,32400,1715,515,605,310,190,95,3935,3340,2325,2190,135,1015,65.6,5.8,2190,95,0,250,1845
5370021,4441,1.05,1990,1415,260,310,1985,0,310,655,730,285,3840,860,1295,1680,4223.5,2190,470,850,440,195,225,3780,3620,30304,1990,685,670,310,205,120,4435,3840,2500,2290,205,1345,59.6,8.2,2290,100,0,275,1915
5370022,4706,0.92,2355,1250,510,595,2370,20,585,935,640,195,4145,890,1275,1980,5113.5,2280,510,865,390,235,275,4140,4000,29120,2360,995,775,315,195,80,4705,4145,2535,2365,165,1615,57.1,6.5,2365,75,10,300,1980
5370023,2248,0.83,950,860,55,40,940,0,60,235,460,180,1930,375,605,950,2705.8,1130,250,460,205,115,105,1930,1865,34176,950,270,340,175,115,55,2245,1930,1240,1170,70,690,60.6,5.6,1170,40,0,170,960
5370024,2500,0.8,1090,565,460,65,1115,0,195,325,360,230,2170,425,620,1120,3116.4,1160,295,480,190,105,90,2190,2135,31792,1090,330,380,195,125,60,2500,2165,1370,1255,115,795,58,8.4,1255,90,0,140,1020
5370025,2817,2.26,1140,1015,5,125,1120,0,25,205,675,215,2430,500,715,1210,1244,1400,335,595,245,115,115,2380,2320,33815,1140,285,395,225,170,75,2815,2430,1560,1445,105,870,59.5,6.7,1450,50,0,180,1220
5370026.01,3397,0.95,1660,655,550,450,1640,15,405,535,530,155,2900,800,995,1105,3583,1415,265,585,285,135,150,2945,2840,27099,1660,705,510,230,130,80,3385,2900,1585,1470,115,1315,50.7,7.3,1470,50,10,160,1255
5370026.02,1819,0.62,895,325,280,285,910,0,290,225,305,90,1535,490,505,540,2935.3,645,175,280,100,45,40,1535,1510,25451,890,435,275,95,55,40,1690,1540,690,655,35,845,42.5,5.1,655,10,0,60,585
5370026.03,2056,0.97,720,605,0,110,720,0,0,30,365,320,1815,450,480,885,2121.3,975,220,405,170,65,115,1835,1765,31923,720,80,280,140,130,85,2055,1815,1075,1010,65,745,55.6,6,1005,25,10,125,850
5370026.04,1534,1,625,440,80,100,635,0,10,65,360,200,1475,270,425,775,1540.6,725,140,335,110,75,65,1330,1300,33072,625,160,240,105,75,50,1530,1470,875,785,90,595,53.4,10.3,785,60,0,50,675
5370026.05,4100,2.74,1685,640,565,475,1705,0,75,515,845,265,3345,940,980,1430,1493.7,1560,325,740,225,100,170,3395,3245,29383,1685,415,690,255,190,140,4100,3350,1770,1600,170,1580,47.8,9.6,1600,40,0,160,1400
5370026.06,5436,1.17,2065,235,795,1030,2060,0,50,485,1275,250,4410,1000,1570,1835,4647.7,2400,425,980,500,250,245,4410,4130,26799,2060,475,630,425,340,195,5430,4410,2805,2535,270,1605,57.5,9.6,2535,125,10,365,2035
5370027,1080,0.55,485,375,35,75,485,0,95,125,180,85,945,205,300,440,1976.6,565,165,200,125,25,45,945,915,29120,485,160,165,80,55,20,1070,945,625,595,30,315,63,4.8,595,35,0,55,510
5370028,2712,0.72,1245,885,135,235,1220,0,210,360,490,165,2365,575,700,1095,3760.9,1305,320,495,270,105,115,2425,2340,29811,1250,415,435,225,125,45,2710,2370,1450,1345,110,915,56.8,7.6,1345,40,0,135,1170
5370029,4350,1.01,2000,1210,415,375,2025,10,340,840,620,210,3775,960,1295,1515,4293.8,2130,520,905,355,180,165,3715,3595,29458,2000,730,685,290,210,85,4280,3775,2425,2195,230,1345,58.1,9.5,2195,60,15,260,1865
5370030,4062,1.05,1660,1460,0,200,1635,0,55,370,880,325,3365,605,1035,1725,3874.8,2035,480,810,335,235,180,3420,3295,34141,1660,425,570,315,250,105,4055,3365,2330,2140,195,1030,63.6,8.4,2140,100,0,245,1790
5370031,2070,0.96,835,590,0,250,840,0,90,140,365,240,1780,395,570,815,2166.6,1005,300,340,165,50,145,1700,1615,30857,840,240,305,110,120,65,2010,1775,1205,1075,130,575,60.6,10.8,1075,70,0,75,930
5370032,3180,0.74,1470,535,405,525,1465,0,395,470,345,255,2550,670,710,1170,4270.7,1300,335,415,275,145,135,2545,2425,24418,1470,630,440,190,120,80,3030,2545,1570,1370,200,980,53.8,12.7,1370,70,0,185,1110
5370033,3092,0.7,1300,570,100,635,1300,35,335,240,355,335,2450,465,710,1270,4390.8,1335,290,415,235,150,240,2450,2345,25563,1300,465,430,195,130,85,2900,2450,1600,1465,135,850,59.8,8.4,1465,120,10,215,1125
5370034,5258,0.92,3015,145,2120,755,2970,95,1790,830,205,45,4500,685,1280,2530,5686.8,2600,605,820,565,180,430,4625,4455,23104,3020,1685,855,250,135,90,5215,4495,3020,2730,300,1475,60.7,9.9,2725,125,0,245,2360
5370035,3648,0.44,1820,275,400,1145,1820,35,770,600,245,175,2980,620,825,1540,8382.4,1570,280,585,320,185,200,2945,2830,22272,1820,895,575,200,95,55,3330,2980,1890,1685,200,1095,56.5,10.6,1685,105,10,210,1360
5370036,2492,0.36,1375,60,1055,255,1430,20,690,600,70,45,2260,385,670,1210,6926.1,1080,240,405,220,90,130,2120,2060,19123,1375,730,415,125,65,35,2385,2260,1275,1125,150,985,49.8,11.8,1125,35,10,110,970
5370037,2588,0.32,1950,25,1745,175,1940,315,1160,445,10,10,2415,475,600,1350,8189.9,920,280,285,190,65,100,2430,2380,18955,1950,1500,350,65,20,10,2540,2420,1125,985,140,1295,40.7,12.4,980,60,10,75,840
5370038,3914,0.33,2615,75,1770,770,2665,95,1585,805,115,60,3710,580,895,2235,11764.4,1770,550,675,235,115,200,3585,3505,24248,2615,1760,655,110,55,35,3815,3710,2060,1890,170,1650,50.9,8.3,1890,110,10,175,1600
5370039,5127,0.35,3045,235,2010,800,3060,65,1440,1180,240,130,4635,555,1180,2900,14796.5,2700,570,1065,495,230,345,4575,4435,27116,3040,1685,955,230,125,45,5045,4635,3145,2895,245,1495,62.5,7.8,2900,190,0,265,2440
5370040,1984,0.34,1055,345,265,445,1040,30,390,250,220,150,1690,190,295,1200,5808,1050,235,420,140,125,125,1745,1695,34272,1055,495,355,105,75,30,1980,1690,1265,1190,70,430,70.4,5.5,1190,130,10,85,970
5370041,2168,0.41,1080,275,205,595,1080,20,450,310,230,70,1765,310,520,930,5303.3,1000,240,360,215,65,115,1770,1715,25888,1080,555,300,125,70,35,1990,1760,1155,1075,80,605,61.1,6.9,1075,65,10,105,900
5370042,2688,1.51,1225,710,105,405,1230,10,245,380,400,190,2160,250,495,1415,1785,1310,370,520,155,90,170,2180,2115,34633,1230,450,430,170,130,45,2580,2160,1520,1445,70,645,66.9,4.6,1445,125,10,150,1160
5370043,3587,1.88,1490,790,405,295,1485,0,270,340,355,525,3195,415,1000,1785,1908.3,1505,365,615,235,135,155,3175,3000,19872,1495,545,410,240,155,145,3555,3190,1855,1610,250,1335,50.5,13.5,1610,85,20,195,1305
5370044,4486,1.16,2365,350,1415,605,2335,10,800,815,575,140,3760,480,980,2305,3861.2,1910,395,755,390,160,210,3910,3785,25041,2365,1145,780,250,125,65,4325,3760,2250,2025,225,1510,53.9,10,2025,105,15,190,1715
5370045,2936,3.16,1155,890,0,265,1160,0,75,120,385,575,2645,195,710,1740,930,1330,475,500,150,75,140,2515,2430,28070,1160,355,355,145,170,130,2895,2645,1630,1480,145,1015,56,8.9,1480,135,15,140,1190
5370046,3353,1.22,1385,685,420,285,1380,25,340,470,365,185,2590,260,560,1775,2740.7,1380,385,540,200,100,155,2655,2535,25941,1390,495,425,205,175,90,3125,2590,1645,1520,125,950,58.7,7.6,1520,120,15,145,1240
5370047,3140,1.23,1685,540,650,490,1695,15,640,350,580,110,2775,490,675,1615,2546.2,1275,300,470,230,100,175,2715,2635,24759,1685,890,455,170,115,60,3075,2780,1475,1415,65,1300,50.9,4.4,1415,135,10,140,1130
5370048,1898,0.37,950,25,720,205,880,10,555,250,30,30,1325,290,270,765,5122.8,705,140,230,155,75,105,1425,1375,20626,950,550,275,75,30,15,1540,1320,875,780,100,445,59.1,11.4,780,70,0,70,630
5370049,2422,0.45,1190,45,660,480,1175,25,765,250,75,65,1815,515,575,725,5432.9,815,225,275,120,80,115,1880,1805,18763,1190,685,300,95,50,70,2170,1815,965,855,110,850,47.1,11.4,855,45,0,125,690
5370050,3697,0.55,1760,335,485,950,1750,35,585,590,405,140,3010,1020,855,1130,6701.1,1275,230,440,275,140,185,2985,2815,19956,1760,800,510,220,130,105,3585,3005,1585,1360,225,1420,45.3,14.2,1360,85,0,185,1090
5370051,4334,0.55,1915,520,480,925,1980,40,750,335,515,335,3570,1250,1055,1270,7917.4,1505,290,505,360,125,225,3370,3170,19948,1915,870,470,240,170,170,4180,3570,1825,1605,220,1745,45,12.1,1605,90,10,270,1230
5370052,3549,0.53,1620,575,10,1035,1590,20,465,400,405,295,2910,710,940,1255,6757.4,1590,315,570,295,170,235,2970,2845,23772,1620,635,505,250,135,95,3470,2910,1895,1665,230,1015,57.2,12.1,1665,80,0,250,1340
5370053,3120,0.5,1300,875,0,430,1285,10,190,255,660,175,2505,725,785,995,6277.7,1425,320,485,295,140,185,2530,2420,25971,1300,405,420,230,135,115,3110,2500,1660,1500,165,845,60,9.9,1500,75,0,190,1230
5370054,2560,0.48,1155,970,0,180,1160,15,165,455,445,90,2170,725,650,795,5279.4,1275,360,465,225,85,140,2155,2060,25991,1150,390,395,195,100,70,2550,2170,1410,1295,115,760,59.7,8.2,1295,20,0,175,1090
5370055,2920,0.54,1255,1115,0,140,1275,15,90,495,555,125,2540,630,985,920,5410.4,1505,255,655,335,110,145,2435,2340,29132,1260,425,405,190,145,90,2890,2540,1640,1530,105,900,60.2,6.4,1530,25,0,145,1360
5370056,3231,1.15,1400,1230,0,175,1400,10,105,495,570,225,2815,820,960,1035,2816.4,1660,440,605,320,130,155,2840,2720,27168,1400,430,485,240,155,85,3230,2815,1790,1690,105,1025,60,5.9,1690,30,0,245,1410
5370057,2997,0.61,1335,1095,5,240,1320,10,165,505,525,105,2445,805,870,770,4916.3,1210,275,480,250,65,135,2525,2420,24464,1335,425,475,225,130,75,2995,2445,1380,1245,135,1065,50.9,9.8,1245,25,0,205,1010
5370058,2382,0.7,1060,760,165,140,1045,0,125,470,390,55,1950,665,650,635,3386.4,985,225,335,230,85,120,1995,1880,23912,1060,365,340,175,110,70,2385,1950,1135,1045,90,815,53.6,7.9,1045,55,0,135,850
5370059,3026,0.72,1250,935,0,315,1265,0,130,410,575,145,2470,810,905,760,4191.1,1355,345,445,295,95,175,2440,2305,24421,1245,375,395,225,155,100,3015,2470,1505,1390,120,960,56.3,8,1390,40,0,195,1160
5370060,2629,0.67,1020,760,0,260,1055,10,50,195,590,210,2185,680,650,850,3913.4,1125,245,355,240,115,170,2120,1995,24048,1020,270,325,180,120,115,2630,2185,1350,1195,155,835,54.7,11.5,1195,65,0,175,955
5370061,3012,0.6,1170,570,90,505,1110,0,200,240,455,210,2180,835,620,720,5025.9,955,135,390,190,100,140,2380,2220,21111,1170,365,335,205,110,160,2995,2180,1135,995,140,1045,45.6,12.3,995,35,0,155,800
5370062,3312,0.59,1345,515,0,830,1355,10,345,310,495,200,2645,1040,725,885,5611.7,1295,210,415,370,120,180,2700,2575,22088,1345,445,420,200,155,125,3210,2645,1485,1340,145,1160,50.7,9.8,1340,45,0,240,1055
5370063,2705,0.57,1145,170,380,595,1105,10,415,260,290,140,2025,725,620,675,4722.4,920,240,270,200,95,110,2100,2010,19760,1145,485,330,150,75,100,2500,2025,1070,950,120,955,46.9,11.2,950,30,0,150,770
5370064,1689,0.57,700,215,30,455,760,0,130,220,265,135,1490,395,390,700,2954.9,805,215,315,105,90,85,1385,1345,23936,705,255,230,100,75,45,1560,1490,1000,885,115,490,59.4,11.5,885,70,0,75,730
5370065,2410,1.75,935,285,415,235,960,10,210,340,330,75,1930,680,440,810,1381,985,185,415,175,110,110,1920,1760,21888,935,275,290,145,110,115,2410,1935,1145,1040,110,785,53.7,9.6,1040,45,0,145,845
5370066,4965,1.46,2055,1070,330,645,2055,10,225,735,855,230,4115,1325,1150,1640,3401.2,2150,465,770,415,210,285,4115,3910,25054,2055,635,670,330,235,190,4965,4115,2395,2225,170,1720,54.1,7.1,2225,75,0,310,1840
5370067,1855,2.37,685,505,0,180,635,0,40,135,360,105,1320,510,455,360,782.2,610,105,210,150,55,80,1455,1345,23096,685,170,200,125,105,85,1840,1320,730,645,80,595,48.9,11,645,35,0,80,525
5370068,857,4.95,380,320,0,65,400,0,50,120,180,50,740,295,185,260,173.2,265,85,75,50,25,25,730,695,18667,380,140,110,70,40,25,855,740,340,285,55,400,38.5,16.2,290,25,0,50,210
5370069,851,5.53,365,330,0,40,400,0,40,140,170,45,820,340,225,260,153.8,440,120,150,105,30,35,720,690,23424,370,105,140,65,30,25,850,820,525,445,75,300,54.3,14.3,445,10,0,80,360
5370070,2101,2.37,870,810,5,60,890,0,45,265,425,145,1870,500,665,710,886.9,1030,280,390,165,80,120,1820,1755,28454,870,240,310,150,100,65,2105,1875,1185,1060,120,685,56.5,10.1,1060,30,0,130,905
5370071,6532,1.89,2720,1200,700,815,2715,20,690,750,975,285,5210,1970,1695,1550,3449.9,2355,550,810,575,150,270,5210,4875,23124,2720,940,775,420,315,270,6515,5210,2710,2430,285,2500,46.6,10.5,2425,50,20,330,2025
5370072.01,115,4.59,50,40,0,5,45,0,0,0,10,25,85,10,25,50,25,50,30,10,0,0,0,105,,,45,15,20,5,5,0,115,85,50,50,0,35,58.8,0,55,0,0,0,50
5370072.02,3993,1.4,1770,680,565,525,1770,10,500,415,665,195,3390,1345,965,1075,2857.7,1320,305,465,300,105,140,3340,3200,23581,1770,720,490,225,165,165,3980,3385,1555,1395,160,1830,41.2,10.3,1395,70,10,155,1170
5370072.03,6550,0.7,2730,125,2280,325,2735,0,610,1540,465,120,5380,1555,1725,2100,9300,2500,585,905,540,160,310,5380,5100,21419,2735,870,895,405,300,255,6545,5380,2920,2620,300,2455,48.7,10.3,2620,105,15,355,2150
5370072.04,3391,0.9,1245,710,165,375,1245,10,35,230,650,330,2925,835,885,1200,3753.6,1600,430,585,295,130,160,2905,2785,27120,1245,275,385,235,200,155,3395,2925,1830,1670,160,1090,57.1,8.7,1670,65,10,185,1415
5370073,1176,1.82,545,345,0,200,555,0,65,135,280,85,1085,180,315,585,645.5,665,165,235,130,60,65,1035,1005,32192,550,185,220,80,50,20,1155,1085,755,725,30,325,66.8,4,720,65,0,110,550
5370080.01,2197,54.92,775,750,0,25,775,0,25,90,395,270,1885,505,480,900,40,1020,200,350,280,115,75,1890,1810,31520,780,140,250,130,160,95,2205,1885,1210,1155,55,675,61.3,4.5,1155,125,0,230,795
5370080.03,6339,4.78,2170,1155,0,1010,2165,10,80,190,1250,635,4890,700,1335,2850,1326.8,2875,450,1170,655,275,325,5005,4785,35403,2170,315,705,420,455,270,6335,4890,3335,3030,305,1555,62,9.1,3030,135,20,345,2530
5370080.05,7111,3.44,2115,1460,0,650,2120,0,25,120,1220,760,5470,1030,1575,2865,2066.7,3635,645,1570,755,285,380,5470,5140,34771,2115,225,445,455,630,365,6995,5470,3950,3760,190,1515,68.7,4.8,3760,115,10,365,3280
5370080.06,5276,2.16,1650,1210,5,435,1650,0,15,45,1125,460,4125,735,1250,2140,2445.1,2680,605,1135,445,205,305,4125,3930,35596,1650,185,510,360,375,215,4965,4125,2940,2840,105,1185,68.8,3.6,2835,145,10,330,2355
5370080.07,3046,1.42,965,750,0,220,990,0,10,35,590,345,2510,460,665,1385,2139.3,1635,290,615,360,165,210,2465,2310,33408,970,100,270,210,250,135,3045,2505,1840,1745,95,665,69.7,5.2,1745,100,10,190,1450
5370081,2340,0.98,1100,575,450,70,1065,10,210,285,415,155,2045,435,665,940,2389.5,1075,310,345,210,90,120,2045,1985,31861,1095,425,350,150,120,55,2345,2045,1195,1115,75,855,54.5,6.3,1110,40,0,125,950
5370082,3526,1.15,1705,700,735,265,1695,10,315,705,455,215,3030,735,950,1345,3064.5,1235,325,430,275,70,140,3055,2950,28744,1700,675,610,175,145,95,3515,3030,1445,1325,120,1590,43.7,8.3,1325,80,10,170,1060
5370083,2378,0.86,1150,415,370,370,1165,0,270,490,260,150,2045,480,675,895,2769.6,1055,265,380,200,115,105,2080,2010,27472,1150,445,410,150,100,50,2375,2045,1190,1095,90,855,53.5,7.6,1100,40,0,140,920
5370084.01,2688,1,985,785,0,195,980,0,15,120,610,245,2340,580,810,945,2680.5,1160,305,330,230,145,150,2310,2220,28192,985,195,340,180,160,115,2690,2335,1330,1225,105,1005,52.5,7.9,1225,65,0,165,1000
5370084.02,3099,1,1260,640,0,625,1250,0,110,115,775,250,2605,605,820,1180,3105.5,1345,320,510,255,115,140,2660,2570,29291,1265,335,425,230,180,95,3085,2605,1510,1400,115,1090,53.7,7.6,1400,50,10,165,1185
5370084.03,2022,0.96,750,710,0,50,765,0,10,45,440,275,1820,460,565,795,2110.4,860,200,290,215,75,80,1760,1695,32349,750,125,300,125,125,75,2020,1820,950,890,60,870,48.9,6.3,890,25,0,90,770
5370084.04,1887,2.47,950,210,420,320,945,0,85,390,430,40,1660,205,440,1010,765.4,805,180,280,175,60,110,1705,1670,36128,950,360,385,110,65,30,1890,1660,950,900,50,710,54.2,5.3,900,95,0,50,750
5370084.05,3002,0.92,1035,855,55,125,1030,0,45,75,560,345,2445,545,605,1290,3269.1,1320,375,410,300,85,155,2455,2360,31275,1030,185,360,180,185,120,2855,2440,1465,1400,60,980,57.4,4.1,1400,70,10,155,1170
5370085.01,4192,2.56,1425,1225,5,205,1430,0,15,80,700,630,3650,625,1055,1965,1636.1,2055,455,785,500,125,195,3560,3445,35098,1425,185,515,290,265,175,4115,3650,2270,2155,110,1375,59,4.8,2155,100,0,210,1840
5370085.02,6528,1.73,2230,1410,100,725,2235,0,40,195,1335,665,5460,1120,1510,2835,3762.8,3275,810,1110,670,325,365,5460,5230,31629,2230,360,670,425,480,295,6525,5465,3655,3430,225,1810,62.8,6.2,3430,140,10,360,2920
5370085.03,4120,8.02,1575,795,0,775,1570,0,45,320,830,375,3310,550,945,1810,513.9,1900,365,640,415,210,265,3390,3275,35655,1570,320,615,265,235,130,4030,3305,2265,2110,155,1040,63.8,6.8,2115,195,15,295,1605
5370086,9719,11.88,3180,2740,0,445,3180,0,20,255,1615,1290,7525,1065,1980,4470,817.9,4770,875,1620,1065,515,700,7520,7205,39093,3180,415,905,620,775,470,9715,7520,5450,5160,285,2075,68.6,5.2,5165,385,10,430,4340
5370100.01,9635,33.23,3150,1865,0,1280,3150,0,95,340,1675,1035,7180,980,1825,4380,289.9,4900,665,1785,1250,540,655,7180,6880,39774,3150,400,955,595,740,465,9630,7180,5405,5135,265,1775,71.5,4.9,5135,220,15,560,4340
5370100.02,7891,77.55,2670,1985,0,690,2670,0,85,295,1500,790,5910,770,1590,3550,101.8,3870,410,1320,1125,450,570,5915,5690,39291,2670,345,865,525,580,350,7885,5910,4335,4110,220,1580,69.5,5.1,4110,230,0,530,3345
5370101.01,7821,27.69,3230,1865,0,1360,3230,0,205,1075,1325,630,6525,1225,1780,3515,282.4,2915,505,1155,635,265,360,6525,6355,36686,3230,805,1365,390,415,265,7805,6525,3275,3135,150,3250,48,4.6,3135,200,15,405,2510
5370101.02,4514,65.06,1510,1495,0,15,1510,0,25,105,770,605,3870,690,1095,2080,69.4,2340,505,955,450,190,235,3725,3575,35488,1510,190,525,285,300,215,4485,3865,2630,2525,105,1235,65.3,4,2530,185,0,465,1875
5370120.02,2163,76.94,695,650,0,40,690,0,15,90,240,335,1730,315,480,940,28.1,970,240,350,215,70,95,1755,1695,34010,695,95,245,100,115,135,2155,1735,1220,1195,35,510,68.9,2.9,1195,215,10,180,795
5370120.03,6871,2.31,2185,1535,0,645,2180,0,35,235,890,1015,5480,650,1285,3550,2973.9,3155,550,1360,550,300,400,5515,5200,37688,2185,280,605,380,575,340,6850,5480,3750,3505,245,1730,64,6.5,3505,310,45,295,2860
5370120.04,6049,3.28,1845,1190,0,655,1855,15,25,215,660,935,4640,435,1060,3145,1847,2705,440,1185,425,200,455,4605,4345,35495,1845,235,435,345,465,360,6045,4640,3215,3015,195,1425,65,6.1,3015,275,35,325,2385
5370121,1812,63.23,630,560,0,10,625,0,25,90,230,285,1430,215,445,770,28.7,795,205,285,175,75,65,1455,1400,37478,630,105,240,80,105,105,1810,1430,1025,995,25,410,69.6,2.4,995,195,0,165,635
5370122.01,5386,2.83,1980,1405,0,570,1975,15,25,230,960,755,4435,440,1050,2945,1902,2730,595,1070,515,200,355,4435,4265,41846,1980,360,635,390,415,170,5385,4430,3090,2955,135,1340,66.7,4.4,2950,215,10,265,2465
5370122.02,6724,6,2295,1825,0,470,2295,0,65,205,845,1180,5380,510,1200,3670,1120.3,3020,610,1360,545,165,340,5375,5140,46490,2295,335,795,390,500,270,6545,5375,3525,3390,130,1855,63.1,3.7,3390,350,15,380,2640
5370123,7725,7.44,2680,2300,0,385,2680,0,120,210,1000,1350,6190,600,1445,4140,1038.8,3335,725,1415,490,305,400,6190,5965,43040,2685,430,980,400,585,285,7505,6190,3980,3760,220,2210,60.7,5.5,3760,390,35,295,3040
5370124,3827,14.6,1300,1105,0,195,1280,0,25,140,390,735,3070,345,745,1980,262.1,1465,315,640,240,110,155,3125,2990,42432,1300,180,520,205,250,145,3650,3075,1855,1740,120,1215,56.6,6.5,1735,255,20,125,1340
5370130.02,3808,2.62,1510,1310,105,85,1530,0,75,175,615,670,3315,330,755,2235,1452.2,1715,355,630,345,140,240,3265,3155,42478,1510,310,600,220,275,100,3810,3320,2040,1925,115,1280,58,5.6,1930,195,15,150,1565
5370130.03,3543,2.08,1315,785,300,235,1325,10,115,220,530,460,2785,325,650,1810,1704.5,1325,230,600,265,80,155,2735,2635,39040,1315,315,535,205,190,80,3160,2785,1595,1525,70,1190,54.8,4.4,1520,195,10,100,1220
5370131,4601,11.07,1855,1395,40,425,1885,10,170,395,715,610,3890,485,995,2410,415.5,2210,485,805,385,275,250,3875,3735,36380,1855,470,670,305,285,125,4530,3895,2565,2405,155,1330,61.7,6,2410,185,15,215,1995
5370132,3010,1.1,1535,525,500,510,1545,0,320,750,320,155,2535,445,645,1450,2732.6,1305,330,490,215,120,160,2540,2455,32341,1530,710,510,145,120,45,2895,2535,1485,1420,70,1045,56,4.7,1415,110,0,115,1190
5370133.01,3444,4.07,1185,820,0,360,1180,0,10,60,505,600,2950,290,670,1985,846.5,1710,290,675,450,120,180,2940,2805,41828,1185,155,405,220,255,145,3435,2950,2000,1885,115,950,63.9,5.8,1885,165,10,125,1590
5370133.02,5879,2.37,2525,1220,585,720,2510,20,280,845,880,485,4755,610,1240,2905,2482.6,2450,600,870,540,255,180,4750,4585,35541,2520,835,910,365,295,125,5570,4750,2895,2730,170,1855,57.5,5.9,2725,275,0,275,2180
5370140.02,8605,10.22,3045,1875,375,800,3045,10,170,470,1430,980,6750,760,1815,4165,842,4370,800,1595,900,535,545,6750,6520,38299,3045,570,960,590,620,300,8375,6750,5015,4780,235,1735,70.8,4.7,4780,400,15,515,3850
5370140.03,7579,6.86,2525,1635,0,895,2505,0,70,230,1325,875,5740,630,1485,3630,1105.4,4035,810,1360,875,450,540,5830,5625,42834,2525,285,720,545,720,250,7560,5740,4615,4440,170,1130,77.4,3.7,4445,370,40,470,3570
5370140.04,3634,3.03,1300,860,0,435,1320,0,55,105,675,480,3075,400,725,1935,1198.5,2000,370,715,420,210,295,2975,2880,40948,1300,210,425,255,285,125,3630,3070,2280,2195,85,795,71.5,3.7,2195,170,25,215,1785
5370141,3993,37.94,1450,1355,0,95,1470,0,40,155,715,565,3505,505,905,2090,105.2,1850,460,530,450,190,215,3380,3270,37958,1450,235,570,235,245,165,3970,3505,2220,2130,80,1285,60.8,3.6,2130,260,20,240,1605
5370142.01,3898,122.17,1330,1290,0,40,1330,0,25,140,565,605,3125,620,865,1645,31.9,1855,310,555,575,220,190,3135,3045,35594,1325,185,515,225,220,185,3860,3125,2305,2180,125,820,69.8,5.4,2180,325,0,365,1480
5370142.02,4004,137.49,1630,1405,45,30,1625,0,145,520,545,420,3380,600,1080,1700,29.1,1655,255,500,480,210,205,3470,3390,32815,1635,345,810,170,185,125,3910,3380,2020,1945,70,1365,57.5,3.5,1945,285,0,235,1420
5370143,3835,78.31,1355,1295,0,60,1345,0,95,130,630,495,3160,470,965,1730,49,1930,390,690,485,200,165,3190,3090,35165,1355,225,470,260,245,160,3825,3160,2245,2180,65,910,69,2.9,2185,250,0,275,1650
5370144.01,5161,60.89,1700,1645,0,55,1750,0,30,120,605,990,4260,605,1225,2430,84.8,2535,325,745,765,365,335,4165,3980,42425,1705,190,625,275,390,225,5045,4260,3025,2890,130,1240,67.8,4.3,2890,345,10,375,2160
5370144.02,1947,34.03,660,625,0,25,610,10,10,65,235,290,1515,215,435,860,57.2,915,255,285,230,90,60,1615,1565,37321,660,95,230,95,155,80,1920,1520,1135,1100,35,380,72.4,3.1,1100,185,0,155,760
5370200,2745,16.16,970,740,0,230,975,0,15,140,405,420,2335,265,585,1480,169.9,1165,275,415,225,135,120,2235,2175,43904,970,145,410,175,160,75,2560,2335,1430,1325,105,900,56.7,7.3,1325,160,0,140,1025
5370201,3605,6.17,1370,915,0,450,1355,10,30,305,655,370,2850,325,810,1715,584.2,1655,350,670,240,150,240,2950,2875,37163,1365,295,500,245,225,105,3490,2850,1865,1785,80,985,62.6,4.3,1785,130,0,215,1440
5370202,6237,3,2900,1075,1260,565,2895,0,440,1170,780,505,5435,630,1430,3375,2078.4,2485,545,965,365,270,340,5435,5315,37148,2900,965,1245,345,235,110,6015,5435,2990,2815,175,2445,51.8,5.9,2815,315,15,265,2225
5370203,2603,1.96,1140,870,115,150,1130,0,150,180,555,245,2235,185,510,1545,1325.4,1185,320,385,240,105,135,2275,2220,41493,1135,320,460,150,140,65,2600,2235,1450,1335,120,785,59.7,8.3,1335,150,0,120,1060
5370204,5128,1.82,2070,680,790,595,2075,0,315,600,760,400,4255,705,1235,2315,2818.7,2510,640,900,460,170,340,4210,4035,31637,2070,510,730,365,300,160,5115,4255,2875,2670,205,1380,62.7,7.1,2665,160,0,340,2165
5370205.01,3207,1.6,1335,675,0,660,1350,0,65,450,485,355,2825,335,750,1745,2005.4,1685,495,515,240,170,255,2775,2700,38418,1335,340,510,220,180,80,3200,2825,1935,1815,115,895,64.2,5.9,1820,120,10,190,1500
5370205.02,5406,1.21,2940,590,2115,240,2925,10,895,1575,380,65,4670,615,1275,2780,4486.3,2250,460,825,435,150,380,4720,4615,33845,2940,1410,1100,255,125,45,5130,4670,2565,2405,165,2100,51.5,6.4,2405,145,10,295,1955
5370206,3699,1.13,1920,365,1080,475,1990,0,655,830,375,120,3230,470,940,1815,3281.6,1685,485,515,280,150,255,3200,3140,31470,1925,890,670,175,145,50,3570,3230,2035,1865,170,1190,57.7,8.4,1860,170,15,150,1530
5370207.01,6520,5.2,2425,1250,155,1020,2430,0,85,500,845,995,5330,590,1215,3525,1253.7,3205,865,1085,525,250,470,5330,5140,38541,2425,435,890,435,445,220,6515,5330,3735,3515,220,1595,65.9,5.9,3515,290,25,295,2905
5370207.02,5975,1.64,1985,1390,0,595,2035,0,10,25,1305,700,4980,715,1405,2865,3639.7,3320,805,1110,630,370,405,4855,4690,37267,1985,190,610,465,495,220,5970,4980,3715,3575,140,1265,71.8,3.8,3575,250,15,275,3045
5370207.03,3862,1.57,1420,945,150,330,1430,0,30,160,590,645,3205,350,870,1990,2462.5,1850,470,635,330,190,225,3225,3130,37658,1425,235,520,270,265,130,3850,3205,2070,2005,70,1135,62.6,3.4,2010,145,10,155,1695
5370207.04,2505,0.74,1145,290,405,445,1140,10,115,335,455,235,2205,340,675,1195,3383.8,1175,245,370,225,140,205,2195,2155,32823,1145,380,440,150,115,55,2505,2210,1305,1235,70,905,55.9,5.4,1235,55,10,110,1070
5370208,3131,1.72,1255,685,40,535,1240,0,55,245,660,280,2530,405,890,1240,1817.5,1665,475,505,325,160,200,2565,2485,33621,1255,300,445,235,195,75,3095,2530,1885,1750,135,645,69.2,7.2,1755,80,0,165,1500
5370209,1585,0.78,620,590,0,25,625,0,20,60,375,170,1325,230,365,735,2027.6,740,215,260,110,60,85,1345,1305,36167,620,120,255,105,100,45,1585,1325,845,825,20,480,62.3,2.4,825,85,0,105,640
5370210,2444,1.19,920,350,0,575,935,0,60,160,485,215,1945,380,615,950,2050.5,1210,320,415,235,110,130,1895,1830,32819,920,225,315,155,145,75,2315,1945,1355,1255,105,590,64.5,7.7,1255,45,10,190,1020
5370211,3012,1.75,1230,515,190,520,1255,0,210,305,520,225,2555,320,650,1580,1725.3,1750,515,605,265,110,255,2510,2450,31984,1225,345,395,220,180,90,3005,2555,1965,1855,110,590,72.6,5.6,1855,95,10,165,1585
5370212,1594,0.5,740,325,60,360,770,0,70,275,305,125,1440,195,375,870,3157.7,840,245,255,140,60,145,1380,1350,38428,745,265,255,105,85,30,1595,1440,975,920,55,470,63.9,5.6,920,75,0,95,750
5370213,3814,0.8,2130,440,1275,415,2040,20,565,1040,260,160,3360,355,850,2145,4763.9,1765,530,635,230,130,230,3445,3395,36192,2130,1060,735,165,115,50,3750,3355,2095,1965,130,1265,58.6,6.2,1965,190,10,185,1575
5370214,2621,1.08,1195,680,215,295,1205,0,170,340,460,225,2365,310,615,1440,2438.1,1295,310,490,220,95,185,2305,2270,33465,1190,385,440,165,150,50,2620,2365,1505,1430,70,870,60.5,4.7,1430,140,0,130,1160
5370215,2727,0.73,1290,510,440,335,1245,10,135,630,310,160,2235,295,575,1365,3751.5,1245,360,440,175,85,185,2345,2285,34619,1290,450,485,165,140,50,2725,2235,1475,1375,100,760,61.5,6.8,1375,110,20,130,1115
5370216,4097,2.18,1465,1325,0,135,1475,0,85,90,440,865,3370,320,700,2345,1882.6,1690,440,545,270,195,240,3350,3225,49006,1465,250,485,255,320,155,4075,3370,2135,2050,85,1240,60.8,4,2050,330,30,175,1515
5370217.01,5159,2.19,2425,500,1195,730,2445,0,530,855,745,315,4445,785,1295,2370,2352.4,2350,770,735,430,175,245,4385,4255,29833,2425,1020,805,280,215,105,4925,4445,2635,2480,150,1815,55.8,5.7,2480,125,10,220,2125
5370217.02,3615,2.18,1385,950,0,435,1365,0,15,120,740,485,2895,265,855,1780,1655,1590,465,465,285,145,235,2955,2880,38656,1385,290,545,240,235,80,3445,2895,1780,1690,90,1115,58.4,5.1,1690,90,10,165,1430
5370218,6991,4.37,2685,1425,95,1175,2690,0,205,330,1410,745,5680,725,1450,3505,1598.4,3415,1055,1020,490,335,505,5680,5490,37142,2685,565,955,490,485,190,6895,5680,3930,3680,255,1755,64.8,6.5,3675,255,15,330,3080
5370219,4615,2.37,1595,1565,0,25,1580,0,0,60,635,885,3770,445,775,2555,1946,1980,520,570,350,210,325,3790,3635,45103,1595,180,600,255,370,185,4615,3770,2395,2285,110,1380,60.6,4.6,2285,280,25,200,1780
5370220,6176,1.8,2560,1130,925,505,2545,0,335,745,900,570,4860,595,1410,2850,3422.6,2455,560,925,390,280,300,4980,4830,35351,2560,795,960,365,315,125,5740,4855,2830,2680,155,2025,55.2,5.5,2680,210,10,330,2125
5370221,3107,1.14,1170,985,0,185,1180,0,0,50,725,405,2740,315,770,1660,2720.4,1610,370,535,325,150,225,2620,2530,36750,1170,190,450,220,225,85,3105,2735,1880,1800,85,855,65.8,4.5,1800,165,25,220,1395
5370222.01,0,1.93,,,,,,,,,,,,,,,0,,,,,,,,,,,,,,,,,,,,,,,,,,,,
5370222.02,4246,1.41,1770,845,405,515,1745,0,120,435,810,380,3545,425,1105,2010,3005.4,1985,490,645,355,185,315,3615,3530,37120,1765,465,655,265,280,105,4235,3545,2230,2105,125,1310,59.4,5.6,2105,120,0,140,1845
5370222.03,4577,1.01,1565,775,5,785,1585,0,130,20,940,490,3620,450,925,2250,4539.3,2200,530,735,355,225,355,3545,3410,37936,1565,295,445,275,395,150,4430,3625,2625,2460,165,995,67.9,6.3,2460,255,0,195,2005
5370223.01,2645,1.62,1000,770,0,230,985,0,60,25,490,405,2165,230,735,1200,1636.9,1300,460,365,240,90,150,2225,2160,35537,995,180,355,200,185,75,2645,2160,1460,1395,65,700,64.6,4.5,1395,90,0,125,1175
5370223.02,4577,2.49,1710,980,0,730,1730,10,120,255,880,470,3890,395,1060,2430,1841.3,2645,780,840,465,245,315,3820,3705,37457,1710,345,555,340,335,145,4575,3890,3035,2850,185,855,73.3,6.1,2850,200,15,350,2295
5370223.05,3157,0.98,985,740,0,250,985,0,10,45,455,475,2650,360,710,1575,3210.3,1755,445,570,320,185,235,2590,2505,35840,990,75,250,225,310,120,3160,2650,2040,1910,125,610,72.1,6.1,1910,150,0,170,1585
5370223.06,3954,1.44,1300,1180,0,120,1305,0,10,80,410,800,3215,380,815,2020,2743.2,2030,505,645,380,185,310,3270,3160,41312,1300,125,415,260,335,160,3940,3215,2320,2195,120,895,68.3,5.2,2195,170,10,150,1880
5370223.07,4428,1.21,1715,945,60,710,1705,0,110,545,370,680,3630,365,1055,2210,3673.5,2345,625,760,455,220,280,3750,3610,39424,1715,425,535,285,330,135,4420,3630,2625,2520,110,1005,69.4,4.2,2520,165,10,160,2180
5370223.09,8665,2.85,2670,1820,90,760,2685,0,160,100,1280,1150,6255,775,1175,4310,3044.5,4305,975,1380,790,475,685,6145,5845,46611,2670,350,495,520,915,395,8660,6255,4995,4690,305,1260,75,6.1,4690,365,25,400,3905
5370223.1,4579,1.25,1595,985,0,610,1580,0,115,215,810,440,3350,355,765,2225,3660.6,2320,515,595,540,255,420,3450,3290,45987,1600,315,380,300,445,155,4580,3345,2635,2545,90,715,76.1,3.4,2545,205,15,190,2135
5370223.12,8457,8.35,3590,305,510,2770,3585,10,745,1095,1470,270,6525,660,1650,4215,1012.7,4015,1115,1235,735,315,620,6530,6345,40902,3590,1310,1210,490,405,170,7755,6525,4580,4380,195,1945,67.1,4.3,4380,335,30,300,3720
5370223.13,4480,1.81,1600,805,0,795,1625,0,10,410,530,670,3750,425,940,2380,2480.3,2100,520,725,370,220,265,3655,3505,41677,1605,270,535,280,345,170,4480,3755,2565,2395,175,1185,63.8,6.8,2390,280,10,170,1930
5370223.14,4300,1.58,1460,950,0,510,1445,0,10,120,530,775,3440,325,845,2275,2724.5,1745,485,495,365,145,255,3530,3355,48128,1460,155,535,225,380,170,4300,3440,2165,2025,140,1270,58.9,6.5,2025,275,0,130,1615
5370223.15,2365,0.73,875,355,0,515,865,0,0,75,525,265,1930,235,430,1270,3222.9,1195,330,365,230,105,170,1940,1855,41685,875,145,305,165,205,55,2365,1930,1440,1355,80,490,70.2,5.6,1355,150,10,80,1110
5370223.16,2102,0.58,795,270,0,525,810,0,0,155,405,250,1835,165,495,1175,3624.1,1195,320,395,260,90,130,1705,1640,41173,795,190,220,155,155,65,2100,1835,1415,1340,70,420,73,4.9,1345,125,25,110,1090
5370224.01,10637,6.11,3125,1965,0,1165,3120,0,135,155,1090,1745,7465,760,1480,5215,1740.4,4840,835,1620,960,545,880,7460,7095,41561,3125,320,590,655,980,580,10630,7465,5755,5415,345,1710,72.5,6,5410,520,55,420,4420
5370224.02,3965,83.33,1350,1295,0,5,1295,0,45,130,505,625,3155,370,830,1950,47.6,1575,225,615,345,155,230,3280,3160,40231,1350,185,505,220,275,155,3845,3150,2095,1985,110,1060,63,5.3,1985,380,30,235,1345
5370300,1993,46,690,665,0,25,725,0,10,60,370,280,1720,245,515,960,43.3,1035,310,325,220,80,100,1650,1595,32736,690,105,255,110,125,90,1970,1720,1200,1155,45,515,67.2,3.8,1155,120,0,170,865
5370301,7707,11.11,2890,1705,0,1185,2850,10,60,445,1585,760,6070,700,1575,3795,693.5,3850,920,1095,940,445,450,6140,5950,39894,2890,540,1035,505,575,240,7685,6075,4415,4210,205,1655,69.3,4.6,4210,360,0,470,3380
5370302,5323,3.7,2425,1475,160,795,2430,15,325,685,945,455,4590,875,1410,2295,1437.3,2460,745,815,470,180,245,4590,4445,31351,2430,840,865,325,260,130,5325,4590,2770,2595,175,1815,56.5,6.3,2600,130,10,280,2175
5370303.01,3848,1.84,1440,1035,0,405,1440,0,15,280,650,495,3210,425,950,1840,2092.2,1810,465,560,410,205,175,3240,3140,37860,1445,230,595,230,260,125,3845,3210,2035,1985,50,1180,61.8,2.5,1985,170,0,245,1560
5370303.02,8443,6.28,2925,2215,100,610,2930,10,95,460,1370,1000,6490,810,1785,3890,1344.7,3755,965,1135,930,350,375,6465,6255,39584,2925,475,1085,470,615,280,8000,6490,4290,4080,205,2200,62.9,4.8,4085,320,10,410,3345
